Company_Name,Street_Address1,Street_Address2,City,State,Zip_Code
AXA Advisors LLC,10500 NE 8th St,#1600,Bellevue,WA,98004
Cambia Health Solutions,100 SW Market St,,Portland,OR,97201
CDK Global LLC,2525 SW 1st Ave,,Portland,OR,97201
"City of Portland, Oregon - Bureau of HR",1120 SW 5th Ave,,Portland,OR,97204
Deloitte LLP,111 SW 5th Ave,#3900,Portland,OR,97204
Huron Consulting Group,9170 NE Turning Ct,#100,Hillsboro,OR,97006
KPMG LLP,1300 SW 5th Ave,#3800,Portland,OR,97201
Moss Adams,805 SW Broadway,,Portland,OR,97205
OpenRoad Transportation,123 SW Mill St,,Dallas,OR,97338
Oregon State Credit Union,4800 Research Way,,Corvallis,OR,97333
OSU Center for Applied Systems & Software (CASS),1800 SW Campus Way,,Corvallis,OR,97331
OSU Grad Business Programs,2751 SW Jefferson Way,,Corvallis,OR,97331
Precision Castparts Corporation (PCC),4650 SW Macadam Ave,,Portland,OR,97239
PricewaterhouseCoopers (PwC),805 SW Broadway,#800,Portland,OR,97205
The Standard,1100 SW 6th Ave,,Portland,OR,97204
Tektronix,14200 SW Karl Braun Dr,,Beaverton,OR,97005
